INSERT INTO SYS_MENU_INFO(ID, PARENT_ID, NAME, URL, ICON, TYPE, PARAMETER, AUTHOR, AUTHOR_ID, CREATED, LAST_MODIFIED, LAST_MODIFY_ID, SORT_ID) VALUES ('1452525c-3947-4ca8-acc3-b4a81a3a8ae1', 'c080cced-17f8-4920-96e6-63368bfe1451', '用户管理', NULL, 'role_mag.png', '@@', NULL, '系统管理员', '69223f06-39ca-4eaf-83af-b142e8302b30', '2017-10-18 16:03:07', '2017-10-18 16:03:07', '69223f06-39ca-4eaf-83af-b142e8302b30', 0);
INSERT INTO SYS_MENU_INFO(ID, PARENT_ID, NAME, URL, ICON, TYPE, PARAMETER, AUTHOR, AUTHOR_ID, CREATED, LAST_MODIFIED, LAST_MODIFY_ID, SORT_ID) VALUES ('19fd3387-7327-473d-9758-97cd6937b5bb', 'c080cced-17f8-4920-96e6-63368bfe1451', '菜单管理', NULL, 'menu_mag.png', '@@', NULL, '系统管理员', '69223f06-39ca-4eaf-83af-b142e8302b30', '2014-12-18 15:47:49', '2014-12-18 15:47:49', '69223f06-39ca-4eaf-83af-b142e8302b30', 0);
INSERT INTO SYS_MENU_INFO(ID, PARENT_ID, NAME, URL, ICON, TYPE, PARAMETER, AUTHOR, AUTHOR_ID, CREATED, LAST_MODIFIED, LAST_MODIFY_ID, SORT_ID) VALUES ('1a17dd91-04b6-4e13-92bb-b11fd1010d82', '37e68ba7-963a-4a99-afba-27cf7cc696ba', '节点配置', '/control/exchange/node/local.action', 'node.gif', '05', NULL, '系统管理员', '69223f06-39ca-4eaf-83af-b142e8302b30', '2017-10-18 16:24:46', '2017-10-18 16:24:46', '69223f06-39ca-4eaf-83af-b142e8302b30', 0);
INSERT INTO SYS_MENU_INFO(ID, PARENT_ID, NAME, URL, ICON, TYPE, PARAMETER, AUTHOR, AUTHOR_ID, CREATED, LAST_MODIFIED, LAST_MODIFY_ID, SORT_ID) VALUES ('28ea491e-7a09-4193-91fd-a9d3303785e2', '2f8d534f-3771-42f6-ad2a-92aefd4349c6', 'FTP用户管理', '/control/exchange/ftpserver/ftpuser/list.action', NULL, '05', NULL, '系统管理员', '69223f06-39ca-4eaf-83af-b142e8302b30', '2014-12-15 19:06:20', '2014-12-15 19:06:20', '69223f06-39ca-4eaf-83af-b142e8302b30', 2);
INSERT INTO SYS_MENU_INFO(ID, PARENT_ID, NAME, URL, ICON, TYPE, PARAMETER, AUTHOR, AUTHOR_ID, CREATED, LAST_MODIFIED, LAST_MODIFY_ID, SORT_ID) VALUES ('28f798de-2f51-45ed-b622-a6225de170c1', '1452525c-3947-4ca8-acc3-b4a81a3a8ae1', '用户管理', '/control/system/user/index.action', NULL, '05', NULL, '系统管理员', '69223f06-39ca-4eaf-83af-b142e8302b30', '2014-12-26 08:38:01', '2014-12-26 08:38:01', '69223f06-39ca-4eaf-83af-b142e8302b30', 0);
INSERT INTO SYS_MENU_INFO(ID, PARENT_ID, NAME, URL, ICON, TYPE, PARAMETER, AUTHOR, AUTHOR_ID, CREATED, LAST_MODIFIED, LAST_MODIFY_ID, SORT_ID) VALUES ('2bacc8c7-135c-411e-907d-6a13e713d568', '55d94902-29dc-4f3c-a1a7-4861a9d5f54a', '节点信息查询', '/control/exchange/node/list.action', NULL, '05', NULL, '系统管理员', '69223f06-39ca-4eaf-83af-b142e8302b30', '2014-12-08 15:19:01', '2014-12-08 15:19:01', '69223f06-39ca-4eaf-83af-b142e8302b30', 0);
INSERT INTO SYS_MENU_INFO(ID, PARENT_ID, NAME, URL, ICON, TYPE, PARAMETER, AUTHOR, AUTHOR_ID, CREATED, LAST_MODIFIED, LAST_MODIFY_ID, SORT_ID) VALUES ('3106547c-4e02-4a4a-bb14-4f6591fbaa02', '1452525c-3947-4ca8-acc3-b4a81a3a8ae1', '机构管理', '/control/system/org/index.action', NULL, '05', NULL, '系统管理员', '69223f06-39ca-4eaf-83af-b142e8302b30', '2017-10-18 16:26:22', '2017-10-18 16:26:22', '69223f06-39ca-4eaf-83af-b142e8302b30', 1);
INSERT INTO SYS_MENU_INFO(ID, PARENT_ID, NAME, URL, ICON, TYPE, PARAMETER, AUTHOR, AUTHOR_ID, CREATED, LAST_MODIFIED, LAST_MODIFY_ID, SORT_ID) VALUES ('5c8c91ca-3ea8-4c30-b190-ba3631bfb0ac', '55d94902-29dc-4f3c-a1a7-4861a9d5f54a', '交换节点激活', '/control/exchange/node/showNodeActivation.action', NULL, '05', NULL, '系统管理员', '69223f06-39ca-4eaf-83af-b142e8302b30', '2014-12-22 15:57:49', '2014-12-22 15:57:49', '69223f06-39ca-4eaf-83af-b142e8302b30', 0);
INSERT INTO SYS_MENU_INFO(ID, PARENT_ID, NAME, URL, ICON, TYPE, PARAMETER, AUTHOR, AUTHOR_ID, CREATED, LAST_MODIFIED, LAST_MODIFY_ID, SORT_ID) VALUES ('7aa99aa2-5f23-4623-9ef0-2f3ab9eaae4c', 'c080cced-17f8-4920-96e6-63368bfe1451', '系统配置', NULL, 'sys_mag.png', '@@', NULL, '系统管理员', '69223f06-39ca-4eaf-83af-b142e8302b30', '2014-12-29 15:39:09', '2014-12-29 15:39:09', '69223f06-39ca-4eaf-83af-b142e8302b30', 1);
INSERT INTO SYS_MENU_INFO(ID, PARENT_ID, NAME, URL, ICON, TYPE, PARAMETER, AUTHOR, AUTHOR_ID, CREATED, LAST_MODIFIED, LAST_MODIFY_ID, SORT_ID) VALUES ('7fc06442-d2c0-482d-a4cc-a732ce737653', '', '通信记录', NULL, '', '@@', '', '系统管理员', '1', '2017-12-05 11:08:04', '2017-12-05 11:08:04', '1', 2);
INSERT INTO SYS_MENU_INFO(ID, PARENT_ID, NAME, URL, ICON, TYPE, PARAMETER, AUTHOR, AUTHOR_ID, CREATED, LAST_MODIFIED, LAST_MODIFY_ID, SORT_ID) VALUES ('883e712c-8e2f-49e2-bf63-b4437223d581', 'b11faa84-d27e-463c-9b49-9dcad1188b1e', '聊天记录', '/control/statisticsanalyze/exchangelog/getDataSwitch.action', '', '05', '', '系统管理员', '1', '2017-12-05 14:23:08', '2017-12-05 14:23:08', '1', 0);
INSERT INTO SYS_MENU_INFO(ID, PARENT_ID, NAME, URL, ICON, TYPE, PARAMETER, AUTHOR, AUTHOR_ID, CREATED, LAST_MODIFIED, LAST_MODIFY_ID, SORT_ID) VALUES ('a3e2d950-3a7e-4e2f-befe-f054861d6023', '19fd3387-7327-473d-9758-97cd6937b5bb', '菜单管理', '/control/system/menu/toMenu.action', NULL, '05', NULL, '系统管理员', '69223f06-39ca-4eaf-83af-b142e8302b30', '2015-01-30 14:09:06', '2015-01-30 14:09:06', '69223f06-39ca-4eaf-83af-b142e8302b30', 0);
INSERT INTO SYS_MENU_INFO(ID, PARENT_ID, NAME, URL, ICON, TYPE, PARAMETER, AUTHOR, AUTHOR_ID, CREATED, LAST_MODIFIED, LAST_MODIFY_ID, SORT_ID) VALUES ('afafe721-b0ce-4e39-905e-264d12cfd811', '7aa99aa2-5f23-4623-9ef0-2f3ab9eaae4c', '系统参数', '/control/system/context/index.action', NULL, '05', NULL, '系统管理员', '69223f06-39ca-4eaf-83af-b142e8302b30', '2014-12-29 15:38:34', '2014-12-29 15:38:34', '69223f06-39ca-4eaf-83af-b142e8302b30', 0);
INSERT INTO SYS_MENU_INFO(ID, PARENT_ID, NAME, URL, ICON, TYPE, PARAMETER, AUTHOR, AUTHOR_ID, CREATED, LAST_MODIFIED, LAST_MODIFY_ID, SORT_ID) VALUES ('b11faa84-d27e-463c-9b49-9dcad1188b1e', '7fc06442-d2c0-482d-a4cc-a732ce737653', '通信记录', NULL, 'statistics.png', '@@', '', '系统管理员', '1', '2017-12-05 14:22:55', '2017-12-05 14:22:55', '1', 0);
INSERT INTO SYS_MENU_INFO(ID, PARENT_ID, NAME, URL, ICON, TYPE, PARAMETER, AUTHOR, AUTHOR_ID, CREATED, LAST_MODIFIED, LAST_MODIFY_ID, SORT_ID) VALUES ('c080cced-17f8-4920-96e6-63368bfe1451', '', '系统管理', NULL, 'sys_mag.png', '@@', NULL, '系统管理员', '69223f06-39ca-4eaf-83af-b142e8302b30', '2014-12-18 15:54:33', '2014-12-18 15:54:33', '69223f06-39ca-4eaf-83af-b142e8302b30', 10);
INSERT INTO SYS_MENU_INFO(ID, PARENT_ID, NAME, URL, ICON, TYPE, PARAMETER, AUTHOR, AUTHOR_ID, CREATED, LAST_MODIFIED, LAST_MODIFY_ID, SORT_ID) VALUES ('c54bd926-e0a4-4bdc-8034-ea5c3dbda7ec', 'c080cced-17f8-4920-96e6-63368bfe1451', '安全审计', NULL, 'log_mag.png', '@@', NULL, '系统管理员', '69223f06-39ca-4eaf-83af-b142e8302b30', '2017-10-18 15:11:43', '2017-10-18 15:11:43', '69223f06-39ca-4eaf-83af-b142e8302b30', 10);
INSERT INTO SYS_MENU_INFO(ID, PARENT_ID, NAME, URL, ICON, TYPE, PARAMETER, AUTHOR, AUTHOR_ID, CREATED, LAST_MODIFIED, LAST_MODIFY_ID, SORT_ID) VALUES ('d859c562-4ebe-43af-a148-76e924f7743a', 'c54bd926-e0a4-4bdc-8034-ea5c3dbda7ec', '系统日志', '/control/system/operlog/index.action', NULL, '05', NULL, '系统管理员', '69223f06-39ca-4eaf-83af-b142e8302b30', '2014-12-13 11:26:49', '2014-12-13 11:26:49', '69223f06-39ca-4eaf-83af-b142e8302b30', 0);
INSERT INTO SYS_MENU_INFO(ID, PARENT_ID, NAME, URL, ICON, TYPE, PARAMETER, AUTHOR, AUTHOR_ID, CREATED, LAST_MODIFIED, LAST_MODIFY_ID, SORT_ID) VALUES ('daa907c9-3e05-4068-9970-71b290a5b1c0', '1452525c-3947-4ca8-acc3-b4a81a3a8ae1', '角色管理', '/control/system/role/index.action', '', '05', '', '系统管理员', '1', '2017-12-05 20:29:26', '2017-12-05 20:29:26', '1', 2);

INSERT INTO SYS_ORGANIZATION(ID, NAME, ORG_CODE, PARENT_CODE, ORG_TYPE, TELEPHONE, DELFLAG, CREATED, AUTHOR, AUTHOR_ID, LAST_MODIFIED, LAST_MODIFY_ID, SORT_ID) VALUES ('9b5a1217-ea34-4161-95b0-64d8ec4c6082', '警察', 'JK0003', '0', 0, NULL, 0, '2017-11-01 15:55:41', '系统管理员', '69223f06-39ca-4eaf-83af-b142e8302b30', '2017-11-01 15:55:41', '69223f06-39ca-4eaf-83af-b142e8302b30', 0);
INSERT INTO SYS_ORGANIZATION(ID, NAME, ORG_CODE, PARENT_CODE, ORG_TYPE, TELEPHONE, DELFLAG, CREATED, AUTHOR, AUTHOR_ID, LAST_MODIFIED, LAST_MODIFY_ID, SORT_ID) VALUES ('57538752-cfc0-4dc3-b0e5-7d721ee7daa9', '省厅', 'HG001', '0', 0, '13707472882', 0, '2017-10-31 15:37:38', '系统管理员', '69223f06-39ca-4eaf-83af-b142e8302b30', '2017-10-31 15:37:38', '69223f06-39ca-4eaf-83af-b142e8302b30', 0);

INSERT INTO SYS_PERMISSION(ID, ROLE_ID, RES_TYPE, RES_ID, AUTHOR, AUTHOR_ID, CREATED, LAST_MODIFIED, LAST_MODIFY_ID, SORT_ID) VALUES ('0343aa25-5101-4c84-b0cc-9de4e4777f69', 'b5adc2ea-d097-4865-8243-cce58f2bacea', '2', 'c080cced-17f8-4920-96e6-63368bfe1451', '系统管理员', '69223f06-39ca-4eaf-83af-b142e8302b30', '2017-10-30 16:39:16', '2017-10-30 16:39:16', NULL, 0);
INSERT INTO SYS_PERMISSION(ID, ROLE_ID, RES_TYPE, RES_ID, AUTHOR, AUTHOR_ID, CREATED, LAST_MODIFIED, LAST_MODIFY_ID, SORT_ID) VALUES ('0cbc4f76-49b1-4820-87b3-b55240012bbc', 'b5adc2ea-d097-4865-8243-cce58f2bacea', '2', 'afafe721-b0ce-4e39-905e-264d12cfd811', '系统管理员', '69223f06-39ca-4eaf-83af-b142e8302b30', '2017-10-30 16:39:16', '2017-10-30 16:39:16', NULL, 0);
INSERT INTO SYS_PERMISSION(ID, ROLE_ID, RES_TYPE, RES_ID, AUTHOR, AUTHOR_ID, CREATED, LAST_MODIFIED, LAST_MODIFY_ID, SORT_ID) VALUES ('0ebdaf99-86cc-4f9d-9619-dec6fd64681a', 'b5adc2ea-d097-4865-8243-cce58f2bacea', '2', '7aa99aa2-5f23-4623-9ef0-2f3ab9eaae4c', '系统管理员', '69223f06-39ca-4eaf-83af-b142e8302b30', '2017-10-30 16:39:16', '2017-10-30 16:39:16', NULL, 0);
INSERT INTO SYS_PERMISSION(ID, ROLE_ID, RES_TYPE, RES_ID, AUTHOR, AUTHOR_ID, CREATED, LAST_MODIFIED, LAST_MODIFY_ID, SORT_ID) VALUES ('11707660-54ea-45b8-9bdd-383566878bdc', 'b5adc2ea-d097-4865-8243-cce58f2bacea', '2', '1452525c-3947-4ca8-acc3-b4a81a3a8ae1', '系统管理员', '69223f06-39ca-4eaf-83af-b142e8302b30', '2017-10-30 16:39:16', '2017-10-30 16:39:16', NULL, 0);
INSERT INTO SYS_PERMISSION(ID, ROLE_ID, RES_TYPE, RES_ID, AUTHOR, AUTHOR_ID, CREATED, LAST_MODIFIED, LAST_MODIFY_ID, SORT_ID) VALUES ('2e5ea3f6-2c52-485f-b295-17c5e47ef9ba', 'b5adc2ea-d097-4865-8243-cce58f2bacea', '2', 'd859c562-4ebe-43af-a148-76e924f7743a', '系统管理员', '69223f06-39ca-4eaf-83af-b142e8302b30', '2017-10-30 16:39:16', '2017-10-30 16:39:16', NULL, 0);
INSERT INTO SYS_PERMISSION(ID, ROLE_ID, RES_TYPE, RES_ID, AUTHOR, AUTHOR_ID, CREATED, LAST_MODIFIED, LAST_MODIFY_ID, SORT_ID) VALUES ('3bd834ed-28d1-4753-8fb8-a922ba430fc7', 'b5adc2ea-d097-4865-8243-cce58f2bacea', '2', 'c54bd926-e0a4-4bdc-8034-ea5c3dbda7ec', '系统管理员', '69223f06-39ca-4eaf-83af-b142e8302b30', '2017-10-30 16:39:16', '2017-10-30 16:39:16', NULL, 0);
INSERT INTO SYS_PERMISSION(ID, ROLE_ID, RES_TYPE, RES_ID, AUTHOR, AUTHOR_ID, CREATED, LAST_MODIFIED, LAST_MODIFY_ID, SORT_ID) VALUES ('476f2a62-4351-4be4-8298-c31d0284c7d2', 'b5adc2ea-d097-4865-8243-cce58f2bacea', '2', 'b11faa84-d27e-463c-9b49-9dcad1188b1e', '系统管理员', '69223f06-39ca-4eaf-83af-b142e8302b30', '2017-10-30 16:39:16', '2017-10-30 16:39:16', NULL, 0);
INSERT INTO SYS_PERMISSION(ID, ROLE_ID, RES_TYPE, RES_ID, AUTHOR, AUTHOR_ID, CREATED, LAST_MODIFIED, LAST_MODIFY_ID, SORT_ID) VALUES ('4e6b63b7-9f76-4a3c-b5d5-bafe701c9a18', 'b5adc2ea-d097-4865-8243-cce58f2bacea', '2', 'daa907c9-3e05-4068-9970-71b290a5b1c0', '系统管理员', '69223f06-39ca-4eaf-83af-b142e8302b30', '2017-10-30 16:39:16', '2017-10-30 16:39:16', NULL, 0);
INSERT INTO SYS_PERMISSION(ID, ROLE_ID, RES_TYPE, RES_ID, AUTHOR, AUTHOR_ID, CREATED, LAST_MODIFIED, LAST_MODIFY_ID, SORT_ID) VALUES ('9db5188a-abaf-4f25-9a82-d987f1ed9e4c', 'b5adc2ea-d097-4865-8243-cce58f2bacea', '2', '7fc06442-d2c0-482d-a4cc-a732ce737653', '系统管理员', '69223f06-39ca-4eaf-83af-b142e8302b30', '2017-10-30 16:39:16', '2017-10-30 16:39:16', NULL, 0);
INSERT INTO SYS_PERMISSION(ID, ROLE_ID, RES_TYPE, RES_ID, AUTHOR, AUTHOR_ID, CREATED, LAST_MODIFIED, LAST_MODIFY_ID, SORT_ID) VALUES ('b1764776-f5f1-49c8-b3e3-97e2f0d0cdb2', 'b5adc2ea-d097-4865-8243-cce58f2bacea', '2', '3106547c-4e02-4a4a-bb14-4f6591fbaa02', '系统管理员', '69223f06-39ca-4eaf-83af-b142e8302b30', '2017-10-30 16:39:16', '2017-10-30 16:39:16', NULL, 0);
INSERT INTO SYS_PERMISSION(ID, ROLE_ID, RES_TYPE, RES_ID, AUTHOR, AUTHOR_ID, CREATED, LAST_MODIFIED, LAST_MODIFY_ID, SORT_ID) VALUES ('c18ef777-bfa6-43a8-a0fb-04d14144f28c', 'b5adc2ea-d097-4865-8243-cce58f2bacea', '2', '28f798de-2f51-45ed-b622-a6225de170c1', '系统管理员', '69223f06-39ca-4eaf-83af-b142e8302b30', '2017-10-30 16:39:16', '2017-10-30 16:39:16', NULL, 0);
INSERT INTO SYS_PERMISSION(ID, ROLE_ID, RES_TYPE, RES_ID, AUTHOR, AUTHOR_ID, CREATED, LAST_MODIFIED, LAST_MODIFY_ID, SORT_ID) VALUES ('e1d7097f-3e29-4290-b36a-df8fe5cb9dc5', 'b5adc2ea-d097-4865-8243-cce58f2bacea', '2', '883e712c-8e2f-49e2-bf63-b4437223d581', '系统管理员', '69223f06-39ca-4eaf-83af-b142e8302b30', '2017-10-30 16:39:16', '2017-10-30 16:39:16', NULL, 0);
INSERT INTO SYS_PERMISSION(ID, ROLE_ID, RES_TYPE, RES_ID, AUTHOR, AUTHOR_ID, CREATED, LAST_MODIFIED, LAST_MODIFY_ID, SORT_ID) VALUES ('e59b9021-9a5b-4ced-9823-9eca4a66c3e4', 'b5adc2ea-d097-4865-8243-cce58f2bacea', '2', '19fd3387-7327-473d-9758-97cd6937b5bb', '系统管理员', '69223f06-39ca-4eaf-83af-b142e8302b30', '2017-10-30 16:39:16', '2017-10-30 16:39:16', NULL, 0);
INSERT INTO SYS_PERMISSION(ID, ROLE_ID, RES_TYPE, RES_ID, AUTHOR, AUTHOR_ID, CREATED, LAST_MODIFIED, LAST_MODIFY_ID, SORT_ID) VALUES ('f210941c-de75-412c-8b99-51b0e41d0568', 'b5adc2ea-d097-4865-8243-cce58f2bacea', '2', 'a3e2d950-3a7e-4e2f-befe-f054861d6023', '系统管理员', '69223f06-39ca-4eaf-83af-b142e8302b30', '2017-10-30 16:39:16', '2017-10-30 16:39:16', NULL, 0);

INSERT INTO SYS_ROLE_INFO(ID, NAME, DESCRIPTION, AUTHOR_ID, AUTHOR, CREATED, LAST_MODIFIED, LAST_MODIFY_ID, SORT_ID) VALUES ('b5adc2ea-d097-4865-8243-cce58f2bacea', '系统管理员', '系统管理员', NULL, NULL, '2014-12-06 18:48:04', '2014-12-06 18:48:04', NULL, 0);

INSERT INTO SYS_USER_INFO(ID, LOGINNAME, ALIAS_NAME, USERPASSWORD, USERNAME, SEX, USERLEVEL, USERTYPE, STATUS, CERT_TYPE, CERT_ID, LOGIN_ERROR_TIMES, HAS_BIND_IP, BIND_IP, ORG_ID, CREATED, AUTHOR, AUTHOR_ID, LAST_MODIFIED, LAST_MODIFY_ID, SORT_ID) VALUES ('1', 'administrator', 'admin', '9c90ef81f936d4503d2b95b656f57ec5', '系统管理员', '1', 65536, 0, 1, '00', '123456789987654321', NULL, NULL, NULL, '57538752-cfc0-4dc3-b0e5-7d721ee7daa9', '2017-12-05 15:58:46', '系统管理员', '1', '2017-12-05 15:58:46', '1', 100);

INSERT INTO SYS_USER_ROLE_SET(ID, USER_ID, ROLE_ID, CREATED, LAST_MODIFIED, LAST_MODIFY_ID, SORT_ID) VALUES ('14431395-d009-4193-8266-7af6b90ef73f', '1', 'b5adc2ea-d097-4865-8243-cce58f2bacea', '2017-10-30 17:37:54', '2017-10-30 17:37:54', NULL, 0);

INSERT INTO SYS_SEQUENCE(seq_name, min_value, max_value, current_val, increment_val) VALUES ('SEQ_SYS_MENU_INFO', 1, 99999999, 3, 1);
INSERT INTO SYS_SEQUENCE(seq_name, min_value, max_value, current_val, increment_val) VALUES ('SEQ_SYS_USER_INFO', 1, 99999999, 2, 1);
